0,1,2,3,4,5,accuracy,macro avg,weighted avg
0.8571428571428571,0.4838709677419355,0.52,1.0,0.9666666666666667,1.0,0.8111111111111111,0.8046134152585767,0.8046134152585764
1.0,0.5,0.43333333333333335,1.0,0.9666666666666667,0.9666666666666667,0.8111111111111111,0.8111111111111112,0.8111111111111111
0.923076923076923,0.4918032786885246,0.4727272727272728,1.0,0.9666666666666667,0.983050847457627,0.8111111111111111,0.806220831436169,0.806220831436169
30.0,30.0,30.0,30.0,30.0,30.0,0.8111111111111111,180.0,180.0
