0,1,accuracy,macro avg,weighted avg
0.48717948717948717,0.4918032786885246,0.49,0.48949138293400585,0.48949138293400585
0.38,0.6,0.49,0.49,0.49
0.4269662921348315,0.5405405405405406,0.49,0.48375341633768604,0.483753416337686
50.0,50.0,0.49,100.0,100.0
