0,1,accuracy,macro avg,weighted avg
0.9113924050632911,0.9436619718309859,0.9266666666666666,0.9275271884471386,0.9273120580020205
0.9473684210526315,0.9054054054054054,0.9266666666666666,0.9263869132290184,0.9266666666666666
0.9290322580645162,0.9241379310344827,0.9266666666666666,0.9265850945494994,0.9266177233963663
76.0,74.0,0.9266666666666666,150.0,150.0
