precision,accuracy,recall,duration
0.940898555892316,0.94,0.9397226173541964,70.2066080570221
