0,1,accuracy,macro avg,weighted avg
0.937125748502994,0.9156441717791411,0.9265151515151515,0.9263849601410676,0.9267267124980381
0.9192364170337739,0.9342723004694836,0.9265151515151515,0.9267543587516287,0.9265151515151515
0.9280948851000741,0.924864446165763,0.9265151515151515,0.9264796656329186,0.9265310589796006
681.0,639.0,0.9265151515151515,1320.0,1320.0
