0,1,accuracy,macro avg,weighted avg
0.7243589743589743,0.2857142857142857,0.6195121951219512,0.50503663003663,0.6023943536138657
0.7635135135135135,0.24561403508771928,0.6195121951219512,0.5045637743006164,0.6195121951219512
0.7434210526315789,0.2641509433962264,0.6195121951219512,0.5037859980139027,0.6101605832344321
148.0,57.0,0.6195121951219512,205.0,205.0
