,method,validity,ynn_timeseries,ynn_timeseries_std,sparsity,sparsity_std,dis,dis_std
0,TS_Evo,1.0,0.8000000000000002,1.1102230246251565e-16,0.4015625,0.23839094128220703,0.20010709699046134,0.13796348339251005
1,Wachter,0.85,0.8,0.0,1.0,0.0,0.013513928824418448,0.0043916923610194895
2,NG_DBN,0.0,,,,,,
3,NG_GradCam,0.0,0.8300000000000001,0.07141428428542848,0.010416666666666664,1.734723475976807e-18,7.183514037518295e-11,6.880405953447265e-11
