,method,validity,ynn_timeseries,ynn_timeseries_std,red,red_std,sparsity,sparsity_std,dis,dis_std
0,TS_Evo,1.0,0.8000000000000002,1.1102230246251565e-16,16.9,12.711805536586846,0.41093750000000007,0.19699552637863238,0.2192576089048174,0.11754033135535226
1,Wachter,0.9,0.8222222222222224,0.06285393610547087,95.55555555555556,1.8324913891634047,1.0,0.0,0.001508490408554307,0.006219630730253015
2,NG_DBN,0.25,0.8,0.0,0.6,0.8,1.0,0.0,0.3004637495034643,0.18026292506330577
3,NG_GradCam,0.85,0.8,0.0,2.0588235294117645,2.3128945001573533,0.14828431372549017,0.16202676708085248,0.04862516507230392,0.04613005882385945
