,method,validity,ynn_timeseries,ynn_timeseries_std,red,red_std,sparsity,sparsity_std,dis,dis_std
0,TS_Evo,1.0,0.8000000000000002,1.1102230246251565e-16,20.85,15.925686798377017,0.4278571428571428,0.19884744434477647,0.26640549147505765,0.12183953367148838
1,Wachter,1.0,0.9,0.09999999999999999,140.0,0.0,1.0,0.0,1.4989125700600286e-08,1.6683733585971122e-09
2,NG_DBN,1.0,0.8000000000000002,1.1102230246251565e-16,118.55,14.739318166048253,0.8864285714285713,0.08393692967499648,0.2693635807767641,0.08851171439651923
3,NG_GradCam,1.0,0.8000000000000002,1.1102230246251565e-16,35.9,30.03814241926421,0.7467857142857143,0.13529022092357976,0.31506892916597135,0.08655870650037699
