,method,validity,ynn_timeseries,ynn_timeseries_std,sparsity,sparsity_std,dis,dis_std
0,TS_Evo,1.0,0.8000000000000002,1.1102230246251565e-16,0.45285714285714285,0.1885957776487554,0.32744917922089334,0.1108387051341423
1,Wachter,0.0,0.8,0.0,1.0,0.0,12.43437915033342,9.530078716088047
2,NG_DBN,0.9,0.8999999999999999,0.09999999999999998,0.9920634920634921,0.03272306052077509,49079880931.67394,107197192138.73666
3,NG_GradCam,0.30000000000000004,0.7999999999999999,1.1102230246251565e-16,0.4702380952380952,0.3207510496127244,0.21086838403418437,0.12271669949585298
