0,1,2,3,4,5,6,accuracy,macro avg,weighted avg
0.6495327102803738,0.9588336192109777,0.6557377049180327,0.7107107107107107,0.6055555555555555,0.8689547581903276,0.2333931777378815,0.6999092205939567,0.6689597480862657,0.718319303283074
0.20839580209895053,0.8573619631901841,0.5827814569536424,0.6094420600858369,0.933119315141787,0.7496635262449529,0.23381294964028776,0.6999092205939567,0.5963681533365203,0.6999092205939567
0.31555051078320095,0.9052631578947369,0.6171107994389902,0.6561922365988908,0.7344704148241734,0.8049132947976878,0.2336028751123091,0.6999092205939567,0.6095861842071413,0.6889130487163989
667.0,1956.0,755.0,1165.0,1869.0,743.0,556.0,0.6999092205939567,7711.0,7711.0
