,method,validity,ynn_timeseries,ynn_timeseries_std,red,red_std,sparsity,sparsity_std,dis,dis_std
0,TS_Evo,Not implemented,0.8000000000000002,1.1102230246251565e-16,11092.35,6609.2628883635725,0.44899210686095936,0.26752733812441093,0.13639421264391843,0.021044033066661885
1,Wachter,0.95,0.8000000000000002,1.1102230246251565e-16,21959.333333333332,7763.796830302956,0.9999730149092626,4.4749710454758955e-05,0.01359305638220313,0.04724351599790353
2,Ates,1.0,0.8,0.0,0.0,0.0,0.15408621736490588,0.18196646739910702,0.019746304278486136,0.029507295108651403
