,method,validity,ynn_timeseries,ynn_timeseries_std,red,red_std,sparsity,sparsity_std,dis,dis_std
0,TS_Evo,1.0,0.9800000000000001,0.059999999999999984,33.6,30.558795787792423,0.236,0.21036898799754472,0.15166396162928406,0.16969178694949716
1,Wachter,1.0,0.8600000000000001,0.09165151389911678,150.0,0.0,1.0,0.0,0.018673260096297144,0.054509543958023814
2,NG_DBN,0.95,0.8000000000000002,1.1102230246251565e-16,79.15789473684211,63.529738712126196,0.9157894736842105,0.06564873836000966,0.1767060391469961,0.1788801282168741
3,NG_GradCam,0.75,0.8000000000000003,2.220446049250313e-16,1.4666666666666666,1.7838784213679537,0.23466666666666666,0.2848490178374554,0.04488375585404445,0.06776363032480733
