0,1,2,3,4,accuracy,macro avg,weighted avg
0.9753547423450336,0.9159663865546218,0.7441860465116279,0.5535714285714286,1.0,0.9406666666666667,0.8378157207965424,0.9336707695027227
0.9942900647126,0.959748427672956,0.37209302325581395,0.35428571428571426,0.045454545454545456,0.9406666666666667,0.5451743550763258,0.9406666666666667
0.9847313854853912,0.9373464373464373,0.4961240310077519,0.4320557491289198,0.08695652173913045,0.9406666666666667,0.5874428249415261,0.9327688113985437
2627.0,1590.0,86.0,175.0,22.0,0.9406666666666667,4500.0,4500.0
