,method,validity,ynn_timeseries,ynn_timeseries_std,red,red_std,sparsity,sparsity_std,dis,dis_std
0,TS_Evo,Not implemented,0.8000000000000002,1.1102230246251565e-16,454.85,290.9393880175044,0.5722630718954248,0.32898668981134704,0.1749946908063153,0.09704991002880493
1,Wachter,0.55,0.8,0.0,1210.0,26.94438717061496,1.0,0.0,1.5470315314851475,1.6155677028360207
2,Ates,1.0,0.8100000000000002,0.043588989435406726,17.85,77.80634614220101,0.4083333333333333,0.30493624105886646,0.2635736664624183,0.1903467719246357
