,method,validity,ynn_timeseries,ynn_timeseries_std,red,red_std,sparsity,sparsity_std,dis,dis_std
0,TS_Evo,Not implemented,0.8000000000000002,1.1102230246251565e-16,479.4,375.1276316135616,0.4987336601307189,0.36437949483768967,0.08859058890411751,0.06578389392027711
1,Wachter,0.7,0.8000000000000002,1.1102230246251565e-16,1221.7857142857142,7.710647290121178,0.9999416433239963,0.00021040798759710413,0.5335807653609766,0.6137637732653052
2,Ates,1.0,0.8000000000000002,1.1102230246251565e-16,20.7,88.86230922050134,0.4916666666666667,0.20395397084200698,0.28457601809640526,0.09822142482136255
