0,1,2,accuracy,macro avg,weighted avg
0.9769736842105263,1.0,0.9899328859060402,0.9888888888888889,0.9889688567055223,0.988946485340869
0.99,1.0,0.9768211920529801,0.9888888888888889,0.9889403973509934,0.9888888888888889
0.9834437086092715,1.0,0.9833333333333333,0.9888888888888889,0.9889256806475349,0.988888643610498
300.0,298.0,302.0,0.9888888888888889,900.0,900.0
