,method,validity,ynn_timeseries,ynn_timeseries_std,red,red_std,sparsity,sparsity_std,dis,dis_std
0,TS_Evo,1.0,1.0,0.0,152.1,142.93911291175695,0.30810000000000004,0.28726397268018145,0.13923596126323087,0.12257301530510947
1,Wachter,0.0,0.97,0.07141428428542848,500.0,0.0,1.0,0.0,1.697952683058183e-08,1.1204334869979298e-09
2,NG_DBN,0.25,0.8,0.0,58.2,57.01719039026739,1.0,0.0,1.4525240289671921,0.4340558841404899
3,NG_GradCam,0.6,0.8000000000000002,1.1102230246251565e-16,59.666666666666664,48.9750503374479,0.5586666666666668,0.295543942963178,0.48319749432866327,0.27699524609123105
