,method,validity,ynn_timeseries,ynn_timeseries_std,red,red_std,sparsity,sparsity_std,dis,dis_std
0,TS_Evo,1.0,1.0,0.0,136.85,117.92594074248464,0.2747,0.23638128098476832,0.12788068735122327,0.10846670321238583
1,Wachter,1.0,0.9400000000000001,0.09165151389911678,475.0,108.97247358851683,1.0,0.0,0.00013336669589525122,0.0005812572724580499
2,NG_DBN,0.65,0.9692307692307692,0.07216024245882197,451.0,21.129636496199797,0.9019999999999998,0.0422592729923996,0.53607276034656,0.05487347426091633
3,NG_GradCam,0.6,0.8000000000000002,1.1102230246251565e-16,95.58333333333333,57.656249059018364,0.427,0.2424850510856288,0.3930239348166866,0.22155786326350452
