,method,validity,ynn_timeseries,ynn_timeseries_std,red,red_std,sparsity,sparsity_std,dis,dis_std
0,TS_Evo,1.0,0.8000000000000002,1.1102230246251565e-16,16.4,7.611832893594027,0.38125,0.1592025721663284,0.35984646030551365,0.14471831768770857
1,Wachter,1.0,0.8600000000000001,0.0916515138991168,128.0,0.0,1.0,0.0,1.7716588324693275e-08,1.5326442606882477e-09
2,NG_DBN,0.95,0.8000000000000002,1.1102230246251565e-16,28.57894736842105,46.71561869943407,0.9662828947368421,0.0918479134982876,0.680701982245271,0.26167447066623484
3,NG_GradCam,0.25,0.8,0.0,6.8,5.528109984434102,0.240625,0.23898589458899033,0.1894279147515625,0.1473193089035745
