,method,validity,ynn_timeseries,ynn_timeseries_std,sparsity,sparsity_std,dis,dis_std
0,TS_Evo,1.0,0.8000000000000002,1.1102230246251565e-16,0.359765625,0.15170086709103503,0.2890617462730616,0.1441163271233654
1,Wachter,0.8,0.8,0.0,1.0,0.0,0.2763527541173917,0.08896407312884433
2,NG_DBN,0.15000000000000002,0.8000000000000002,1.1102230246251565e-16,1.0,0.0,0.48201628930961543,0.06502507580134764
3,NG_GradCam,0.0,0.8800000000000001,0.09797958971132709,0.0078125,0.0,0.0015253771946324777,0.004209291454264017
