,method,validity
0,TS_Evo,1.0
1,Wachter,1.0
2,NG_DBN,0.15000000000000002
3,NG_GradCam,0.050000000000000044
