,method,validity,ynn_timeseries,ynn_timeseries_std,red,red_std,sparsity,sparsity_std,dis,dis_std
0,TS_Evo,1.0,1.0,0.0,42.7,27.698555919036647,0.14930069930069928,0.09684809761900924,0.033196528876998345,0.016171031668850682
1,Wachter,0.0,0.8200000000000001,0.059999999999999984,286.0,0.0,1.0,0.0,1.7646919335348433e-08,5.348203048844653e-10
2,NG_DBN,0.7,0.8000000000000002,1.1102230246251565e-16,19.785714285714285,18.60176094363331,0.9655344655344654,0.12426725175175586,0.0582039214220526,0.045592014575041036
3,NG_GradCam,0.7,0.8000000000000002,1.1102230246251565e-16,4.642857142857143,1.836422876026063,0.02872127872127872,0.005148733298723353,0.006277709069721808,0.0016925408392327846
