,method,validity,ynn_timeseries,ynn_timeseries_std,red,red_std,sparsity,sparsity_std,dis,dis_std
0,TS_Evo,1.0,0.9800000000000001,0.059999999999999984,53.2,48.77253325387149,0.18653846153846151,0.1708580484994873,0.03051473873227012,0.03835982648682877
1,Wachter,1.0,0.89,0.09949874371066197,286.0,0.0,1.0,0.0,0.0007886212083610244,0.003437443364801276
2,NG_DBN,1.0,0.8100000000000002,0.043588989435406726,102.1,58.117037088963855,0.6005244755244755,0.2405809751094736,0.02567998503075843,0.01786358550341831
3,NG_GradCam,0.30000000000000004,0.7999999999999999,1.1102230246251565e-16,0.6666666666666666,0.9428090415820634,0.13986013986013987,0.06306643010941111,0.020002647381118878,0.010458436328380505
