0,1,2,3,4,5,6,7,8,9,accuracy,macro avg,weighted avg
0.9943661971830986,0.9399477806788512,0.9945054945054945,0.9708454810495627,0.9971988795518207,0.9673590504451038,0.9911242603550295,0.9854227405247813,0.9794721407624634,0.9643916913946587,0.978273299028016,0.9784633716450865,0.978615081208775
0.9724517906336089,0.989010989010989,0.9945054945054945,0.9910714285714286,0.978021978021978,0.9731343283582089,0.9970238095238095,0.9285714285714286,0.9940476190476191,0.9672619047619048,0.978273299028016,0.9785100771006471,0.978273299028016
0.9832869080779945,0.963855421686747,0.9945054945054945,0.9808541973490427,0.9875173370319,0.9702380952380952,0.9940652818991098,0.9561527581329562,0.9867060561299853,0.9658246656760772,0.978273299028016,0.9783006215727402,0.9782519912021935
363.0,364.0,364.0,336.0,364.0,335.0,336.0,364.0,336.0,336.0,0.978273299028016,3498.0,3498.0
