,method,validity,ynn_timeseries,ynn_timeseries_std,red,red_std,sparsity,sparsity_std,dis,dis_std
0,TS_Evo,Not implemented,0.8000000000000002,1.1102230246251565e-16,262.45,134.89865640546608,0.6965608465608465,0.36024805289132783,0.467343095647769,0.22574325367080234
1,Wachter,0.35,0.7999999999999999,1.1102230246251565e-16,943.4285714285714,3.45820526768863,0.999848828420257,0.00037029323398083975,0.5121281983116417,0.7038334684854534
2,Ates,1.0,0.8000000000000002,1.1102230246251565e-16,0.0,0.0,0.8666666666666666,0.16329931618554522,0.9605463217989417,0.12276053955692444
